pm25,recorded_at
8.0,2026-07-14T09:00:00Z
16.0,2021-08-09T11:00:00Z
9.0,2025-08-09T14:00:00Z
6.7,2026-07-14T09:00:00Z
6.0,2024-12-09T12:00:00Z
154.81,2022-10-31T01:45:00Z
15.872727220708674,2024-07-21T20:00:00Z
4.59,2026-07-14T09:00:00Z
0.0,2026-07-03T07:00:00Z
5.0,2026-07-14T08:00:00Z
28.90916668574015,2026-01-31T05:00:00Z
9.551,2022-10-28T04:00:00Z
28.3,2026-07-14T10:00:00Z
5.0,2026-07-14T10:00:00Z
0.0,2025-01-13T23:00:00Z
86.11,2022-10-31T01:45:00Z
0.9,2026-07-14T10:00:00Z
6.3,2025-01-08T11:45:00Z
1.0,2020-01-09T16:00:00Z
0.0,2025-11-27T12:52:07Z
10.5,2026-07-14T10:00:00Z
16.0,2026-07-14T08:15:00Z
14.21,2026-07-14T08:30:00Z
22.3,2026-07-14T10:00:00Z
20.0,2021-08-09T11:00:00Z
8.0,2025-01-05T19:55:00Z
26.0,2024-04-12T22:00:00Z
31.8,2026-07-14T08:30:00Z
4.0,2023-06-30T13:00:00Z
20.0,2022-10-16T16:00:00Z
5.0,2024-07-11T15:00:00Z
30.18,2026-07-14T09:51:37Z
9.58346,2025-11-27T18:00:00Z
10.0,2017-08-20T18:00:00Z
5.989,2023-10-11T10:00:00Z
13.0,2026-07-14T08:30:00Z
21.6,2026-07-14T10:00:00Z
46.6,2026-07-14T10:00:00Z
23.3,2022-10-16T15:45:00Z
238.0,2022-10-31T00:45:00Z
8.0,2024-07-11T16:00:00Z
0.0,2020-11-24T16:00:00Z
7.46417,2026-07-14T09:00:00Z
4.4,2026-07-14T10:00:00Z
4.438749988873799,2025-02-13T21:00:00Z
6.9,2026-07-14T10:00:00Z
0.0,2026-04-11T04:00:00Z
8.08712,2026-07-14T09:00:00Z
15.0,2021-08-09T11:00:00Z
11.6,2026-07-14T09:00:00Z
7.0,2021-08-09T11:00:00Z
4.9,2026-07-14T10:00:00Z
9.8,2026-07-14T10:00:00Z
7.0,2026-07-14T09:00:00Z
14.4,2026-07-14T09:00:00Z
5.0,2026-07-14T09:00:00Z
10.4,2026-07-14T10:00:00Z
12.0,2026-07-14T09:00:00Z
6.2,2026-07-14T10:00:00Z
9.317301511764526,2024-10-01T07:00:00Z
9.1,2026-07-14T10:00:00Z
6.1,2026-07-14T10:00:00Z
52.916666666666664,2025-04-02T05:00:00Z
6.0,2026-07-14T09:00:00Z
13.0,2026-07-14T09:00:00Z
6.5,2021-11-11T17:00:00Z
24.0,2021-08-09T11:00:00Z
0.0,2025-12-04T00:00:00Z
17.0,2021-08-09T11:00:00Z
10.0,2021-08-09T11:00:00Z
15.0,2026-07-10T18:00:00Z
3.4,2025-12-04T00:05:00Z
12.6,2026-07-14T08:00:00Z
22.49,2026-07-14T08:15:00Z
2.1,2026-04-28T06:00:00Z
6.7,2026-07-14T10:00:00Z
0.0,2026-07-14T10:00:00Z
8.870833198229471,2025-03-16T14:00:00Z
3.2,2026-07-14T10:00:00Z
11.9,2026-07-14T07:00:00Z
9.57829,2026-07-14T09:00:00Z
45.3,2024-03-15T20:00:00Z
6.1,2025-01-08T12:00:00Z
8.1,2025-01-08T12:00:00Z
47.0,2021-08-09T11:00:00Z
14.8,2026-07-14T10:00:00Z
51.0,2025-12-04T00:05:00Z
36.7,2025-12-04T00:05:00Z
4.0,2025-07-09T23:00:00Z
8.4,2026-07-14T09:00:00Z
5.0,2021-08-09T11:00:00Z
15.0,2021-08-09T11:00:00Z
0.0,2024-10-07T14:27:32Z
2.45,2026-07-14T10:07:06Z
1.8,2025-12-04T00:00:00Z
35.2,2025-12-04T00:05:00Z
5.1,2025-12-04T00:05:00Z
17.4,2025-01-08T12:05:00Z
1.2,2025-12-04T00:05:00Z
13.6,2024-06-13T14:15:00Z
2.269387756075178,2024-10-06T12:00:00Z
0.0,2025-12-04T00:05:00Z
36.0,2025-12-04T00:05:00Z
7.5,2025-01-08T12:00:00Z
14.7,2025-12-04T00:05:00Z
106.2,2025-12-04T00:00:00Z
9.2,2025-01-08T12:00:00Z
0.0,2025-12-04T00:00:00Z
3.0,2021-10-01T15:00:00Z
13.0,2021-08-09T11:00:00Z
5.3,2026-07-02T02:00:00Z
0.204,2024-03-12T11:00:00Z
8.8,2026-07-14T10:00:00Z
15.8,2026-04-02T08:00:00Z
0.1,2026-07-14T10:00:00Z
18.8,2026-07-14T10:00:00Z
22.0,2026-06-20T07:00:00Z
3.9,2026-07-14T10:00:00Z
15.2,2026-07-14T09:00:00Z
15.5,2026-07-14T10:00:00Z
29.0,2024-04-12T22:00:00Z
18.2,2026-07-14T09:00:00Z
2.0,2026-07-14T10:00:00Z
10.4,2026-03-20T21:00:00Z
20.7,2026-07-14T10:00:00Z
4.3,2026-07-14T10:00:00Z
2.306249996026357,2024-11-12T03:00:00Z
16.0,2026-07-14T09:00:00Z
6.0,2026-07-14T09:00:00Z
14.0,2026-07-14T08:00:00Z
14.0,2021-08-09T11:00:00Z
8.97153,2026-07-14T09:00:00Z
24.0,2021-08-09T11:00:00Z
18.0,2026-07-14T09:00:00Z
18.7,2026-07-14T10:00:00Z
13.0,2026-04-03T20:00:00Z
9.5,2026-07-14T09:00:00Z
9.9,2026-07-02T02:00:00Z
10.418,2024-03-12T10:00:00Z
0.0,2025-11-27T12:54:06Z
7.0,2026-07-02T02:00:00Z
4.0,2026-04-30T22:00:00Z
11.644,2026-07-14T09:00:00Z
6.17,2026-07-14T09:00:00Z
37.0,2020-12-31T15:00:00Z
24.06944465637207,2024-03-29T09:00:00Z
11.0,2026-07-14T09:00:00Z
3.06,2024-07-30T11:00:00Z
12.12829,2026-07-14T09:00:00Z
4.0,2026-07-14T09:00:00Z
9.0,2026-07-14T10:00:00Z
12.05,2026-07-14T09:00:00Z
13.0,2024-09-08T15:00:00Z
6.63134,2026-07-14T09:00:00Z
9.0,2021-08-09T11:00:00Z
5.168,2026-07-14T09:00:00Z
8.38188,2026-07-14T09:00:00Z
22.0,2021-08-09T11:00:00Z
2.61,2024-07-30T11:00:00Z
8.757,2026-07-14T09:00:00Z
27.1,2026-05-19T17:00:00Z
6.88,2024-07-30T10:00:00Z
4.34,2024-07-30T11:00:00Z
8.6272,2026-07-14T09:00:00Z
2.5,2025-12-04T00:05:00Z
3.53,2024-07-30T11:00:00Z
12.0,2024-07-11T14:00:00Z
10.067,2026-07-14T09:00:00Z
11.0,2026-07-14T09:00:00Z
14.9495628718027,2022-02-09T00:00:00Z
3.5,2026-05-11T06:00:00Z
11.0,2026-07-14T09:00:00Z
3.0,2018-09-10T22:00:00Z
16.0,2026-07-14T09:00:00Z
18.4,2026-07-14T10:00:00Z
6.8,2026-07-14T10:00:00Z
5.1,2026-07-14T10:00:00Z
25.0,2026-05-20T20:00:00Z
9.6,2026-07-14T09:00:00Z
8.6,2026-07-14T09:00:00Z
2.9,2024-12-20T14:00:00Z
7.1,2026-07-14T09:00:00Z
9.75,2024-01-29T20:00:00Z
8.0,2026-07-14T09:00:00Z
5.0,2026-07-14T09:00:00Z
20.5,2026-07-14T10:00:00Z
10.3,2026-07-14T09:00:00Z
7.0,2024-03-15T17:00:00Z
12.0,2026-07-13T11:00:00Z
12.2,2026-07-14T10:00:00Z
23.70000076,2024-01-29T18:00:00Z
7.06,2025-09-19T19:59:37Z
4.83,2025-09-03T04:32:13Z
1.8,2026-07-14T10:00:00Z
2.94,2025-02-27T22:50:40Z
4.8,2021-11-10T17:00:00Z
5.24,2025-09-03T04:06:05Z
7.33,2025-09-19T19:56:18Z
8.47,2025-09-19T19:58:42Z
7.47,2025-09-19T20:01:45Z
7.82,2025-09-19T20:03:32Z
1.0,2023-01-26T20:00:00Z
17.5,2022-07-11T05:15:00Z
9.1,2026-07-14T09:00:00Z
4.0,2026-07-14T09:00:00Z
1.0,2026-07-14T09:00:00Z
12.0,2021-08-09T11:00:00Z
2.0,2026-07-14T09:00:00Z
7.0,2021-08-09T11:00:00Z
8.01206,2023-12-20T08:00:00Z
0.4,2026-05-04T16:00:00Z
11.3,2026-07-14T10:00:00Z
20.9,2026-07-14T10:00:00Z
9.7,2023-06-13T00:00:00Z
3.2,2020-10-21T21:00:00Z
2.4,2026-07-14T09:00:00Z
0.0,2026-07-14T10:00:00Z
6.23,2026-07-14T09:00:00Z
0.8350000039674342,2025-11-19T05:00:00Z
5.92,2026-07-14T09:00:00Z
3.2,2026-07-14T10:00:00Z
18.3,2026-07-14T10:00:00Z
5.2,2026-07-02T02:00:00Z
18.8,2026-07-14T08:00:00Z
7.7,2026-07-02T02:00:00Z
11.3,2026-07-14T10:00:00Z
13.6,2023-11-23T06:00:00Z
6.6,2026-07-02T02:00:00Z
6.32578,2026-07-14T09:00:00Z
3.9,2026-07-14T10:00:00Z
15.4,2026-07-14T10:00:00Z
13.4,2026-07-14T10:00:00Z
17.2,2026-07-14T10:00:00Z
7.08690470457077,2024-07-19T05:00:00Z
4.25898806254069,2025-02-24T07:00:00Z
5.8,2026-07-13T11:00:00Z
10.09,2024-07-25T22:02:04Z
6.81,2026-07-14T10:01:37Z
6.93,2026-07-14T09:52:27Z
7.32,2026-07-14T09:50:45Z
9.11,2026-07-14T10:03:17Z
8.41,2026-07-14T09:54:16Z
12.1,2026-07-14T10:00:00Z
1.3310909162868152,2025-06-23T20:00:00Z
0.06666666766007741,2024-11-23T00:00:00Z
25.539166704813635,2026-01-27T10:00:00Z
6.2,2026-03-31T11:00:00Z
5.08,2024-10-18T14:05:53Z
11.0,2017-04-28T11:00:00Z
2.2,2026-07-14T09:00:00Z
115.58,2022-10-31T01:45:00Z
4.7,2026-07-14T09:00:00Z
20.0,2026-05-21T19:00:00Z
3.5,2024-08-29T18:00:00Z
9.6,2024-06-19T23:00:00Z
12.0,2026-07-14T09:00:00Z
5.6,2026-06-18T12:00:00Z
7.5,2024-07-11T16:00:00Z
6.0,2026-07-14T10:00:00Z
15.0,2021-08-09T11:00:00Z
14.0,2026-07-14T09:00:00Z
8.0,2020-05-05T23:00:00Z
4.0,2019-11-07T13:00:00Z
0.9,2024-10-17T16:00:00Z
6.97,2026-07-14T09:50:32Z
18.65,2025-01-22T15:26:13Z
10.2,2026-07-14T10:05:33Z
7.93,2026-07-14T10:00:22Z
7.39,2026-07-14T10:06:34Z
6.16,2026-07-14T09:59:12Z
5.7,2026-05-28T21:00:00Z
27.2,2026-07-14T10:00:00Z
0.0,2025-12-04T00:05:00Z
7.6,2026-07-14T09:58:45Z
12.5,2026-07-14T07:00:00Z
3.071727232499556,2025-06-12T13:00:00Z
21.0,2026-07-14T10:00:00Z
16.612337719310414,2025-04-11T16:00:00Z
11.98,2026-07-11T05:56:36Z
7.91,2026-07-14T10:03:08Z
9.8,2025-12-14T02:14:28Z
6.31,2026-07-14T10:01:41Z
8.18,2026-07-14T09:50:55Z
3.48,2026-07-14T09:54:05Z
5.14,2026-07-14T10:05:01Z
8.62,2026-07-14T10:02:14Z
7.65,2026-07-14T09:59:11Z
9.12,2026-07-14T09:56:32Z
15.29,2026-07-14T06:49:17Z
8.87,2026-01-27T11:02:02Z
7.23,2026-07-14T10:04:30Z
1.89,2026-07-14T09:51:25Z
1.0,2026-03-13T06:12:10Z
7.39,2026-07-14T09:56:49Z
5.33,2026-07-14T09:53:23Z
6.95,2026-07-14T09:53:43Z
6.04,2026-07-14T10:01:42Z
2.98,2026-07-14T10:00:29Z
18.0,2021-08-09T11:00:00Z
35.0,2021-08-09T11:00:00Z
0.4,2026-06-15T03:00:00Z
12.225,2024-01-29T19:00:00Z
10.365,2022-10-28T02:00:00Z
7.39,2026-07-14T10:05:47Z
6.7,2026-07-14T09:50:51Z
8.0,2021-08-09T11:00:00Z
11.7325,2026-07-14T09:00:00Z
6.7,2026-07-02T02:00:00Z
29.9700267,2025-04-10T14:00:00Z
1.6,2026-07-14T10:00:00Z
1.8,2026-07-14T10:00:00Z
14.0,2026-07-14T09:00:00Z
11.0,2019-04-18T18:00:00Z
12.0,2026-07-14T09:00:00Z
2.05,2026-06-17T11:00:00Z
3.69,2020-12-01T00:00:00Z
0.2,2022-11-22T23:00:00Z
8.0,2019-12-04T19:00:00Z
7.0,2023-02-16T00:00:00Z
44.0,2021-08-09T11:00:00Z
8.2,2026-07-02T02:00:00Z
46.0,2021-08-09T11:00:00Z
11.3,2026-07-14T09:00:00Z
7.8,2026-06-18T00:00:00Z
8.07134,2026-07-14T09:00:00Z
4.0,2018-07-12T17:00:00Z
9.0,2021-08-09T11:00:00Z
10.0,2021-08-09T11:00:00Z
6.0,2021-08-09T11:00:00Z
5.0,2026-07-14T09:00:00Z
5.0,2026-07-14T09:00:00Z
28.0,2024-07-11T16:00:00Z
19.0,2021-08-09T11:00:00Z
63.0,2021-08-09T11:00:00Z
7.4,2026-07-14T09:00:00Z
12.0,2021-08-09T11:00:00Z
27.0,2021-08-09T11:00:00Z
2.0,2025-11-27T12:52:07Z
12.2,2026-07-14T08:00:00Z
28.0,2021-08-09T11:00:00Z
10.2,2026-07-14T09:00:00Z
5.0,2019-03-06T18:00:00Z
6.0,2021-08-09T11:00:00Z
58.0,2020-12-31T16:00:00Z
15.0,2021-08-09T11:00:00Z
6.279,2023-10-11T10:00:00Z
2.2,2026-01-23T13:00:00Z
15.3,2018-04-25T00:00:00Z
9.0,2021-08-09T11:00:00Z
5.9,2022-09-30T04:00:00Z
19.0036,2020-12-31T17:00:00Z
19.0,2021-08-09T11:00:00Z
27.0,2021-08-09T11:00:00Z
13.0,2019-11-21T19:00:00Z
13.0,2021-08-09T11:00:00Z
24.7,2023-09-23T12:00:00Z
3.89,2020-12-01T00:00:00Z
133.0,2026-07-14T08:00:00Z
11.0,2021-08-09T11:00:00Z
28.4,2026-07-14T10:00:00Z
37.0,2021-08-09T11:00:00Z
19.0,2026-07-14T08:00:00Z
0.1,2026-07-14T10:00:00Z
3.3,2026-07-14T10:00:00Z
53.6,2026-01-01T18:00:00Z
5.3,2026-07-14T09:00:00Z
15.0,2021-08-09T11:00:00Z
9.67868954,2024-01-29T20:00:00Z
13.6,2026-07-14T10:00:00Z
0.0,2026-07-14T10:00:00Z
0.0,2026-07-14T10:00:00Z
3.0,2021-08-09T11:00:00Z
9.0,2021-08-09T11:00:00Z
23.0,2019-12-27T09:00:00Z
6.7,2026-07-14T09:00:00Z
4.72,2026-07-14T09:00:00Z
8.7,2026-05-20T12:00:00Z
19.2,2019-01-04T15:00:00Z
3.29,2026-07-14T10:13:00Z
18.053,2022-12-18T12:00:00Z
19.0444788336842,2022-02-09T00:00:00Z
6.0,2021-08-09T11:00:00Z
3.9,2025-11-13T22:00:00Z
16.0,2019-11-26T17:00:00Z
12.3,2025-12-08T14:00:00Z
86.6,2023-09-23T12:00:00Z
0.4,2023-09-23T12:00:00Z
52.0,2021-08-09T11:00:00Z
4.3,2017-04-28T18:00:00Z
6.07340002,2024-03-04T10:00:00Z
10.0,2023-09-23T12:00:00Z
6.6,2023-09-23T12:00:00Z
5.0,2021-08-09T11:00:00Z
11.0,2023-09-23T12:00:00Z
11.9,2026-07-14T09:00:00Z
9.1,2026-07-14T09:00:00Z
26.0,2023-04-02T21:20:06Z
6.0,2021-09-30T23:14:13Z
11.761,2023-04-27T08:00:00Z
25.0,2022-12-03T14:41:02Z
1.5,2026-07-14T10:00:00Z
2.23,2021-05-10T16:00:00Z
23.2,2023-09-23T12:00:00Z
21.1,2023-09-23T12:00:00Z
61.459166666667,2025-12-02T06:00:00Z
27.3,2023-09-23T12:00:00Z
7.0,2026-07-14T09:00:00Z
10.2,2026-07-14T09:00:00Z
16.0,2021-08-09T11:00:00Z
4.9,2024-10-01T15:00:00Z
7.2,2026-07-13T11:00:00Z
12.5,2023-09-23T12:00:00Z
14.0,2023-09-23T12:00:00Z
16.0,2023-09-23T12:00:00Z
15.0,2023-09-23T12:00:00Z
29.65,2023-10-11T10:00:00Z
16.0,2021-08-09T11:00:00Z
8.0,2021-08-09T11:00:00Z
25.0,2021-08-09T11:00:00Z
14.0,2026-07-14T08:00:00Z
10.0,2021-08-09T11:00:00Z
8.0,2026-07-14T08:00:00Z
4.3,2026-07-14T02:00:00Z
9.0,2024-01-29T19:00:00Z
4.59,2020-12-01T00:00:00Z
11.36,2026-07-14T09:00:00Z
4.0,2026-01-09T02:00:00Z
13.0,2021-08-09T11:00:00Z
19.0,2020-12-31T16:00:00Z
5.0,2026-07-14T09:00:00Z
14.0,2021-08-09T11:00:00Z
0.5,2020-11-24T18:00:00Z
6.0,2026-07-13T11:00:00Z
5.0,2026-03-29T00:00:00Z
11.0,2026-07-14T09:00:00Z
4.6,2026-07-14T10:00:00Z
4.0,2021-08-09T11:00:00Z
46.0,2021-07-19T21:00:00Z
23.327,2024-01-29T19:00:00Z
7.0,2021-08-09T11:00:00Z
23.0,2021-08-09T11:00:00Z
14.0,2021-08-09T11:00:00Z
4.0,2026-07-14T10:00:00Z
4.0,2020-03-19T14:00:00Z
40.0,2021-08-09T11:00:00Z
11.0,2026-07-14T09:00:00Z
16.9488480951616,2022-02-09T00:00:00Z
14.0,2021-08-09T11:00:00Z
4.98,2020-12-01T00:00:00Z
17.609,2024-02-02T12:00:00Z
15.9,2026-07-14T10:00:00Z
16.3,2026-07-02T03:00:00Z
8.0,2021-08-09T11:00:00Z
0.012,2023-06-22T06:00:00Z
4.3,2026-07-14T09:00:00Z
84.0,2024-04-23T00:00:00Z
16.0,2026-07-14T09:00:00Z
11.0,2026-07-14T09:00:00Z
30.0,2024-04-12T22:00:00Z
13.0,2026-04-03T22:00:00Z
25.0,2024-07-11T16:00:00Z
7.0,2026-07-14T09:00:00Z
13.8,2026-07-14T09:00:00Z
16.0,2026-07-14T09:00:00Z
2.0,2026-07-14T09:00:00Z
12.0,2026-07-14T09:00:00Z
12.0,2026-07-14T09:00:00Z
0.8,2018-03-09T20:00:00Z
8.0,2026-07-14T09:00:00Z
10.0,2026-07-14T09:00:00Z
7.0,2026-07-14T09:00:00Z
6.0,2026-07-14T09:00:00Z
10.0,2026-07-14T09:00:00Z
8.0,2026-07-14T09:00:00Z
10.0,2026-07-14T09:00:00Z
4.0,2026-07-14T09:00:00Z
11.0,2026-07-14T09:00:00Z
0.486,2024-03-08T06:00:00Z
11.4,2026-07-14T09:00:00Z
6.0,2026-07-14T08:00:00Z
7.0,2026-07-14T09:00:00Z
11.0,2026-07-14T09:00:00Z
3.0,2026-07-14T09:00:00Z
8.53516,2026-07-14T09:00:00Z
5.0,2026-07-14T09:00:00Z
2.0,2026-07-14T09:00:00Z
0.0,2026-07-14T09:00:00Z
11.0,2026-07-14T09:00:00Z
6.0,2026-07-14T09:00:00Z
16.0,2026-07-14T09:00:00Z
4.0,2026-07-14T09:00:00Z
6.0,2026-07-14T09:00:00Z
13.0,2026-07-14T09:00:00Z
13.0,2026-07-14T09:00:00Z
11.6,2024-06-13T20:00:00Z
32.0,2026-07-14T08:00:00Z
25.0,2021-08-09T11:00:00Z
4.0,2026-07-14T09:00:00Z
13.0,2026-07-14T09:00:00Z
14.0,2026-07-14T09:00:00Z
7.0,2026-07-14T09:00:00Z
13.0,2026-07-14T09:00:00Z
13.0,2026-07-14T09:00:00Z
0.0,2026-01-26T20:00:00Z
6.0,2026-07-14T09:00:00Z
9.0,2026-07-14T09:00:00Z
23.0,2024-04-12T22:00:00Z
30.393,2025-03-14T21:00:00Z
15.0,2026-07-14T09:00:00Z
1.0,2026-07-14T09:00:00Z
1.77,2026-07-14T09:00:00Z
8.0,2026-07-14T09:00:00Z
10.0,2026-07-14T09:00:00Z
7.0,2026-07-14T09:00:00Z
18.0,2024-06-17T21:00:00Z
11.0,2026-07-14T09:00:00Z
13.0,2026-07-14T09:00:00Z
7.0,2025-07-30T00:00:00Z
6.0,2026-07-14T09:00:00Z
18.0,2026-07-14T09:00:00Z
34.0,2021-08-09T11:00:00Z
10.0,2026-07-14T09:00:00Z
77.0,2025-03-04T12:00:00Z
11.0,2026-07-14T09:00:00Z
7.0,2018-05-14T19:00:00Z
6.0,2026-07-14T09:00:00Z
10.0,2024-07-11T16:00:00Z
6.0,2026-07-14T09:00:00Z
4.0,2026-07-14T09:00:00Z
0.7,2026-07-09T06:00:00Z
9.0,2026-07-14T09:00:00Z
8.0,2026-07-14T09:00:00Z
18.0,2024-04-11T16:00:00Z
19.0,2026-07-14T09:00:00Z
10.3,2026-07-14T07:00:00Z
9.0,2026-07-14T09:00:00Z
15.0,2026-07-14T09:00:00Z
12.0,2026-07-14T09:00:00Z
11.0,2026-07-14T09:00:00Z
22.0,2021-08-09T11:00:00Z
13.63431,2026-07-14T09:00:00Z
5.0,2026-07-14T09:00:00Z
10.0,2026-07-14T09:00:00Z
11.0,2026-07-14T09:00:00Z
6.1,2022-07-26T01:00:00Z
1.18,2026-07-14T09:00:00Z
19.0,2026-07-14T09:00:00Z
9.0,2026-07-14T09:00:00Z
9.0,2026-07-14T09:00:00Z
6.0,2026-07-14T09:00:00Z
6.0,2026-07-14T09:00:00Z
8.0,2026-07-14T09:00:00Z
3.0,2026-07-14T09:00:00Z
15.0,2021-08-09T11:00:00Z
14.0,2024-07-11T14:00:00Z
22.0,2026-07-14T09:00:00Z
14.0,2026-07-14T09:00:00Z
17.0,2026-07-14T09:00:00Z
16.0,2026-07-14T09:00:00Z
4.0,2026-07-14T09:00:00Z
3.0,2026-07-14T09:00:00Z
0.0,2023-12-09T17:03:08Z
15.0,2026-07-14T09:00:00Z
5.0,2026-07-14T09:00:00Z
2.0,2026-07-14T09:00:00Z
11.0,2026-07-14T09:00:00Z
4.0,2026-07-14T09:00:00Z
8.0,2026-07-14T09:00:00Z
9.0,2026-07-14T09:00:00Z
5.0,2026-07-14T09:00:00Z
4.0,2026-07-14T09:00:00Z
5.0,2026-07-14T09:00:00Z
3.0,2026-07-14T09:00:00Z
21.0,2026-07-14T09:00:00Z
12.0,2026-07-14T09:00:00Z
10.0,2026-07-14T09:00:00Z
17.0,2026-07-14T09:00:00Z
16.0,2026-04-03T20:00:00Z
6.0,2026-07-14T09:00:00Z
9.0,2026-07-14T09:00:00Z
33.0,2026-07-14T10:00:00Z
10.0,2026-07-14T09:00:00Z
14.0,2026-07-14T09:00:00Z
0.0,2026-07-14T09:00:00Z
3.0,2026-07-14T09:00:00Z
8.0,2026-07-14T09:00:00Z
5.0,2026-07-14T09:00:00Z
5.1,2024-03-11T12:00:00Z
4.0,2026-07-14T09:00:00Z
8.0,2026-07-14T09:00:00Z
18.0,2026-07-14T09:00:00Z
8.0,2026-07-14T09:00:00Z
7.0,2026-07-14T09:00:00Z
37.0,2021-08-09T11:00:00Z
5.946,2024-03-12T10:00:00Z
8.0,2026-07-14T09:00:00Z
11.0,2017-11-18T03:00:00Z
11.0,2026-04-03T20:00:00Z
2.0,2026-07-14T09:00:00Z
3.0,2026-07-14T09:00:00Z
24.7,2026-07-14T08:00:00Z
11.0,2026-07-14T09:00:00Z
10.0,2026-07-14T09:00:00Z
5.0,2026-07-14T09:00:00Z
10.0,2026-07-14T09:00:00Z
6.0,2026-07-14T09:00:00Z
7.0,2026-07-14T09:00:00Z
8.0,2026-07-14T09:00:00Z
44.0,2024-04-23T15:00:00Z
5.0,2026-07-14T09:00:00Z
8.0,2026-07-14T09:00:00Z
0.0,2026-07-14T09:00:00Z
15.0,2026-07-14T09:00:00Z
18.0,2026-07-14T09:00:00Z
13.0,2026-07-14T09:00:00Z
27.0,2024-01-15T12:00:00Z
4.0,2026-07-14T09:00:00Z
7.0,2026-07-14T09:00:00Z
9.0,2026-07-14T10:00:00Z
21.7,2026-07-14T08:00:00Z
2.0,2026-07-14T09:00:00Z
11.0,2026-07-14T09:00:00Z
7.0,2026-07-14T09:00:00Z
18.0,2026-01-02T05:00:00Z
24.0,2020-06-10T21:00:00Z
4.0,2026-07-14T09:00:00Z
11.6,2024-01-29T17:00:00Z
8.0,2026-07-14T09:00:00Z
14.0,2026-07-14T09:00:00Z
11.0,2026-07-14T09:00:00Z
3.0,2026-07-14T09:00:00Z
7.0,2026-07-14T09:00:00Z
21.0,2024-04-12T22:00:00Z
13.0,2026-07-14T09:00:00Z
7.0,2026-07-14T09:00:00Z
12.0,2026-07-14T09:00:00Z
30.0,2024-07-11T16:00:00Z
8.9,2026-07-14T10:00:00Z
20.0,2026-07-14T09:00:00Z
24.0,2024-04-12T22:00:00Z
6.0,2026-07-14T09:00:00Z
17.0,2026-07-14T09:00:00Z
5.8,2026-07-14T10:00:00Z
10.0,2026-07-14T09:00:00Z
5.0,2026-07-14T09:00:00Z
14.0,2026-07-14T09:00:00Z
17.1,2024-01-12T10:00:00Z
10.0,2026-07-14T09:00:00Z
8.0,2026-07-14T09:00:00Z
6.0,2026-07-14T09:00:00Z
3.0,2026-07-14T09:00:00Z
2.0,2026-07-14T09:00:00Z
14.1,2025-12-09T23:00:00Z
13.0,2026-07-14T09:00:00Z
7.0,2026-07-14T09:00:00Z
10.0,2026-07-14T09:00:00Z
4.0,2026-07-14T09:00:00Z
1.0,2026-07-14T09:00:00Z
10.0,2026-07-14T09:00:00Z
4.0,2026-07-14T09:00:00Z
10.0,2026-07-14T09:00:00Z
6.0,2026-07-14T09:00:00Z
5.0,2026-07-14T09:00:00Z
7.0,2026-07-14T09:00:00Z
7.35,2020-09-14T01:00:00Z
9.0,2026-07-14T09:00:00Z
1.0,2026-07-14T09:00:00Z
9.75,2026-07-14T09:00:00Z
6.3,2016-09-12T20:00:00Z
7.0,2026-07-14T09:00:00Z
16.0,2025-07-30T00:00:00Z
4.72,2020-09-10T09:00:00Z
7.0,2026-07-14T09:00:00Z
12.0,2026-07-14T09:00:00Z
14.0,2026-04-03T20:00:00Z
9.0,2026-07-14T09:00:00Z
6.0,2026-07-14T09:00:00Z
14.0,2026-07-14T09:00:00Z
6.0,2026-07-14T09:00:00Z
9.0,2026-07-14T09:00:00Z
5.0,2026-07-14T09:00:00Z
5.0,2026-07-14T09:00:00Z
8.0,2026-07-14T09:00:00Z
288.0,2018-02-22T03:00:00Z
10.0,2026-07-14T09:00:00Z
11.7,2023-07-27T14:00:00Z
2.0,2026-07-14T09:00:00Z
4.0,2026-07-14T09:00:00Z
8.0,2026-07-14T09:00:00Z
3.0,2026-07-14T09:00:00Z
1.0,2026-07-14T09:00:00Z
18.0,2026-07-14T09:00:00Z
5.0,2026-07-14T09:00:00Z
13.0,2026-07-14T09:00:00Z
16.0,2025-07-30T00:00:00Z
0.0,2020-08-29T20:00:00Z
16.0,2026-07-14T09:00:00Z
12.0,2026-07-14T09:00:00Z
4.369,2026-07-14T09:00:00Z
4.0,2026-07-14T09:00:00Z
16.0,2026-07-14T09:00:00Z
8.0,2026-07-14T09:00:00Z
5.0,2026-07-14T09:00:00Z
20.0,2026-07-14T09:00:00Z
0.0,2026-07-14T09:00:00Z
4.0,2026-07-14T09:00:00Z
9.0,2026-04-03T20:00:00Z
13.0,2026-07-14T09:00:00Z
5.0,2026-07-14T09:00:00Z
22.2,2026-07-14T09:00:00Z
10.0,2021-08-09T11:00:00Z
12.0,2026-07-14T09:00:00Z
15.0,2026-07-14T09:00:00Z
23.0,2026-07-14T09:00:00Z
12.0,2026-07-14T09:00:00Z
10.0,2026-07-14T09:00:00Z
7.0,2026-07-14T09:00:00Z
7.0,2026-07-14T09:00:00Z
16.0,2026-07-14T09:00:00Z
8.0,2026-07-14T09:00:00Z
3.0,2026-07-14T09:00:00Z
7.0,2026-07-14T09:00:00Z
16.0,2023-07-12T20:00:00Z
7.0,2026-07-14T09:00:00Z
5.3,2021-12-09T00:00:00Z
1.0,2026-07-14T09:00:00Z
6.0,2026-07-14T09:00:00Z
18.9,2026-07-14T10:00:00Z
16.24,2020-11-30T17:00:00Z
27.2,2026-07-06T16:00:00Z
886.67,2026-07-04T16:06:55Z
29.58749993642171,2026-02-06T06:00:00Z
0.6,2026-06-12T10:00:00Z
2.04,2020-12-01T00:00:00Z
11.5,2024-10-09T22:00:00Z
0.030666666105389595,2024-12-10T07:00:00Z
0.0,2025-03-30T02:00:00Z
27.01,2025-01-08T17:15:00Z
44.0,2021-08-09T11:00:00Z
20.1,2026-07-06T09:00:00Z
14.0,2026-07-14T09:00:00Z
63.3,2026-07-14T10:00:00Z
0.6225000023841858,2025-07-08T02:00:00Z
42.1,2026-07-09T10:00:00Z
8.9,2026-07-14T10:00:00Z
1.3,2026-04-29T15:00:00Z
107.6,2022-10-31T02:00:00Z
9.2,2017-07-06T16:00:00Z
25.2,2026-07-14T10:00:00Z
3.91,2026-07-14T10:05:20Z
21.8,2026-07-14T09:55:55Z
8.25,2026-07-14T09:56:26Z
0.0,2026-04-04T18:00:00Z
2.9,2026-07-14T10:00:00Z
20.0,2026-07-14T10:00:00Z
73.48,2026-07-14T10:06:18Z
6.87,2026-07-14T09:59:55Z
17.534166666666664,2026-07-12T21:00:00Z
0.02500000037252903,2024-07-23T19:00:00Z
8.28,2025-10-02T11:00:00Z
2.1,2024-10-30T01:00:00Z
32.7,2026-07-14T10:00:00Z
12.0,2025-11-19T09:00:00Z
5.92083340883255,2024-08-23T06:00:00Z
1.0,2024-07-29T03:00:00Z
16.8,2026-07-14T10:00:00Z
11.4,2026-07-14T10:00:00Z
13.1,2026-07-14T10:00:00Z
9.4,2026-07-14T10:00:00Z
10.8,2026-07-14T10:00:00Z
7.0,2021-08-09T11:00:00Z
7.030833339691163,2025-11-25T20:00:00Z
13.75,2024-11-21T12:50:00Z
3.7,2026-07-14T10:00:00Z
9.2,2026-07-14T10:00:00Z
692.5,2026-04-21T11:00:00Z
17.76,2026-07-13T14:00:00Z
0.0,2026-05-19T17:00:00Z
5.9,2026-07-14T10:00:00Z
6.96,2026-05-27T19:58:53Z
3.2,2026-03-13T22:00:00Z
4.92725,2026-07-14T09:00:00Z
51.8,2026-07-13T10:00:00Z
28.4,2026-07-11T20:00:00Z
4.0,2026-07-14T09:00:00Z
5.05,2020-06-04T06:00:00Z
2.96,2026-06-04T16:00:46Z
10.04,2026-07-14T09:00:00Z
0.1,2026-05-15T06:00:00Z
6.1,2026-04-28T04:00:00Z
17.1,2026-07-14T07:00:00Z
16.2,2026-07-14T10:00:00Z
13.3,2026-07-14T10:00:00Z
8.5,2026-07-14T09:00:00Z
7.7,2026-07-14T09:00:00Z
17.0,2020-04-28T09:45:00Z
8.8,2026-07-14T08:00:00Z
1.8958333432674408,2024-08-01T15:00:00Z
0.3,2026-07-14T10:00:00Z
30.87,2026-07-08T12:00:00Z
11.4,2026-07-02T03:00:00Z
12.0,2021-08-09T11:00:00Z
0.0,2026-03-25T09:00:00Z
9.1,2026-07-14T10:00:00Z
23.53958336512248,2024-09-27T15:00:00Z
15.5801388888889,2026-07-14T09:00:00Z
5.0,2026-03-29T00:00:00Z
0.0,2025-11-20T00:00:00Z
9.585958321889242,2025-01-02T14:00:00Z
41.32325019836426,2026-02-02T09:00:00Z
3.8,2026-07-14T10:00:00Z
0.2,2026-07-14T10:00:00Z
0.0,2026-07-14T10:00:00Z
26.0,2023-04-05T20:00:00Z
57.0,2022-10-31T02:00:00Z
4.7,2026-07-07T11:00:00Z
16.1,2026-07-14T10:00:00Z
6.29552,2026-07-14T09:00:00Z
4.29,2026-07-14T09:00:00Z
14.3,2026-07-14T08:00:00Z
3.26,2026-07-11T08:00:00Z
6.6,2026-07-14T09:00:00Z
17.0,2026-07-11T08:00:00Z
7.775,2026-07-14T09:00:00Z
11.66,2026-07-14T09:00:00Z
6.5,2026-07-14T09:00:00Z
8.3944,2026-07-14T09:00:00Z
3.55,2026-07-14T09:00:00Z
10.0,2024-06-20T13:00:00Z
18.355090748180043,2025-06-21T01:00:00Z
8.2,2026-07-14T10:00:00Z
4.8,2026-07-14T10:00:00Z
1827.7,2026-05-18T19:00:00Z
7.1,2026-07-14T10:00:00Z
32.4,2026-07-14T10:00:00Z
4.0,2026-07-14T09:00:00Z
18.7,2026-07-14T10:00:00Z
11.5,2026-07-14T10:00:00Z
8.41023,2026-07-14T09:00:00Z
7.0,2026-07-13T01:00:00Z
10.0,2026-07-13T02:00:00Z
22.168,2023-10-11T10:00:00Z
8.0,2026-07-13T01:00:00Z
8.0,2026-07-13T01:00:00Z
11.0,2026-07-13T00:00:00Z
13.0,2026-07-13T02:00:00Z
13.0,2026-07-13T02:00:00Z
3.8,2026-07-14T10:00:00Z
23.700000762939453,2026-01-27T18:00:00Z
45.4,2026-04-30T18:00:00Z
6.0,2026-07-14T09:00:00Z
5.04,2026-07-14T10:04:08Z
9.7,2026-07-14T09:00:00Z
13.3,2026-07-14T10:00:00Z
5.738666693369548,2025-07-11T16:00:00Z
6.1,2020-02-17T01:00:00Z
18.3,2026-07-02T05:15:00Z
1.0,2021-08-09T11:00:00Z
2.6,2026-03-23T11:00:00Z
5.2,2026-07-14T09:00:00Z
0.3,2026-07-08T11:00:00Z
19.0,2026-07-14T10:00:00Z
0.0,2026-07-14T10:00:00Z
11.5,2026-07-14T10:00:00Z
132.16618180708448,2026-01-28T07:00:00Z
85.46666666666665,2026-01-28T07:00:00Z
80.01400146484374,2026-01-28T07:00:00Z
1.5,2026-07-14T10:00:00Z
9.0,2026-07-14T10:00:00Z
0.1,2026-06-13T17:00:00Z
9.1,2026-07-14T09:00:00Z
6.2,2026-07-14T10:01:51Z
10.88,2026-07-14T10:00:05Z
16.34,2026-07-14T09:51:08Z
5.4,2026-07-14T10:05:05Z
4.81,2026-07-14T10:02:58Z
14.23,2026-07-14T10:04:46Z
3.69,2026-07-14T09:54:10Z
5.32,2026-07-14T10:04:27Z
4.7,2026-07-14T10:05:50Z
12.44,2025-05-13T11:03:08Z
7.27,2026-07-14T10:07:06Z
9.662436,2019-04-14T23:00:00Z
34.74,2025-11-02T20:51:47Z
15.65,2026-07-14T09:59:42Z
4.83,2026-07-14T10:03:48Z
4.39,2026-07-14T10:03:15Z
4.39,2026-07-14T10:05:07Z
7.2,2026-07-14T10:04:57Z
15.96,2026-07-14T10:04:30Z
20.74,2026-01-12T13:06:20Z
15.5,2026-07-14T09:54:34Z
4.76,2026-07-14T10:06:43Z
19.31,2026-07-14T10:01:34Z
8.83,2025-06-19T00:01:39Z
105.54,2026-01-23T02:06:16Z
9.26,2025-06-24T11:51:01Z
27.98,2026-01-12T12:53:13Z
25.68,2026-03-17T10:46:45Z
17.1,2026-07-14T10:02:10Z
12.35,2026-07-14T10:04:47Z
70.91,2025-12-21T20:44:38Z
0.0,2024-11-10T07:52:24Z
19.24,2026-04-23T09:55:32Z
5.66,2026-07-14T10:00:29Z
7.66,2026-07-14T10:03:45Z
14.72,2026-07-14T09:57:07Z
9.51,2025-06-04T03:51:09Z
7.53,2026-07-14T10:04:47Z
32.13,2026-07-14T10:06:31Z
5.03,2026-07-14T10:00:23Z
15.16,2026-07-14T10:01:26Z
12.79,2026-07-14T10:06:36Z
17.13,2026-07-14T09:58:49Z
7.89,2025-06-24T11:52:23Z
20.72,2026-07-14T09:59:53Z
3.45,2026-07-14T10:06:26Z
0.81,2026-02-03T16:46:31Z
5.11,2025-09-02T13:58:22Z
6.45,2026-07-14T10:05:48Z
5.45,2026-04-09T15:04:58Z
8.6,2017-11-28T23:00:00Z
17.33,2026-07-14T09:50:17Z
12.34,2025-06-25T09:39:57Z
35.9,2025-06-25T15:50:55Z
9.7,2026-07-14T09:58:05Z
16.1,2026-07-14T10:02:09Z
7.77,2026-07-14T10:00:00Z
107.27,2026-01-12T07:15:15Z
6.66,2026-07-14T10:06:11Z
18.02,2026-07-14T09:51:37Z
19.49,2026-07-14T09:54:05Z
9.8,2025-06-19T00:01:04Z
5.3,2025-04-05T01:58:35Z
16.42,2025-05-13T04:17:45Z
4.77,2025-03-07T16:55:38Z
10.33,2025-04-15T16:06:14Z
7.58,2026-07-14T10:06:05Z
16.43,2026-07-14T10:03:46Z
13.36,2026-07-14T10:05:22Z
11.0,2026-07-14T09:00:00Z
26.16,2026-03-17T10:47:55Z
5.21,2026-02-26T15:00:38Z
16.75,2026-07-14T09:59:08Z
5.5,2026-07-14T08:00:00Z
5.38,2026-07-14T10:05:35Z
15.62,2026-07-14T10:03:53Z
15.68,2026-07-14T09:51:33Z
4.88,2026-07-14T09:51:20Z
18.48,2026-07-14T09:58:26Z
9.17,2025-09-30T11:12:42Z
30.35,2025-04-15T01:32:02Z
3.78,2026-03-10T00:04:40Z
1.01,2026-04-17T15:07:02Z
15.75,2026-07-14T10:02:24Z
2.83,2026-04-28T12:07:08Z
16.89,2026-07-14T09:50:18Z
16.98,2026-07-14T09:57:00Z
12.2,2025-07-11T12:37:15Z
47.5,2022-10-16T15:45:00Z
